Fund Name,P1,P2,P3,P4,P5,Topsis Score,Rank
M1,0.83,0.69,3.9,52.2,14.41,0.65824851303221,1
M2,0.78,0.61,6.4,61.2,17.25,0.538350278867675,3
M3,0.78,0.61,5.4,43.2,12.5,0.318032694032437,6
M4,0.94,0.88,5.2,52.5,14.88,0.593185313724605,2
M5,0.74,0.55,6.3,45.5,13.27,0.263926024947792,7
M6,0.71,0.5,6.6,58.6,16.6,0.47282119451479,4
M7,0.61,0.37,6.6,39.5,11.77,0.0490796228957171,8
M8,0.71,0.5,3,38.3,10.63,0.448194116558045,5
